DITTO,,,,,,WACHSMAN,,,
StartRow,End Row,Commit,,,,StartRow,End Row,Commit,
1,122,1,,,,1,121,1,
123,439,2,,,,122,438,2,
440,684,3,,,,439,701,3,
685,869,4,,,,702,896,4,
870,1281,5,,,,897,1353,5,
1282,1316,6,,,,1354,1400,6,
1317,1371,7,,,,1401,1459,7,
1372,1492,8,,,,1460,1590,8,
1493,1526,9,,,,1591,1610,9,
1527,1553,10,,,,1611,1631,10,
1554,1608,11,,,,1632,1686,11,
1609,1704,12,,,,1687,1786,12,
1705,1742,13,,,,1787,1818,13,
1743,1782,14,,,,1819,1858,14,
1783,1800,15,,,,1859,1875,15,
1801,1817,16,,,,1876,1900,16,
1818,1840,17,,,,1901,1946,17,
1841,1970,18,,,,1947,2113,18,
1971,1988,19,,,,2114,2161,19,
1989,2106,20,,,,2162,2253,20,
2107,2281,21,,,,2254,2414,21,
2282,2353,22,,,,2415,2417,22,
2354,2398,23,,,,2418,2451,23,
2399,2490,24,,,,2452,2540,24,
2491,2522,25,,,,2541,2579,25,
2523,3043,26,,,,2580,3116,26,
3044,3063,27,,,,3117,3135,27,
3064,3083,28,,,,3136,3166,28,
3084,3301,29,,,,3167,3382,29,
3302,3385,30,,,,3383,3467,30,
3386,3431,31,,,,3468,3528,31,
3432,3466,32,,,,3529,3611,32,
3467,3547,33,,,,3612,3691,33,
3548,3571,34,,,,3692,3712,34,
3572,3602,35,,,,3713,3737,35,
3603,3646,36,,,,3738,3756,36,
3647,3678,37,,,,3757,3785,37,
3679,3703,38,,,,3786,3808,38,
3704,3788,39,,,,3809,3853,39,
3789,3807,40,,,,3854,3873,40,
3808,3837,41,,,,3874,3906,41,
3838,3891,42,,,,3907,3930,42,
3892,3950,43,,,,3931,4015,43,
3951,3975,44,,,,4016,4035,44,
3976,4137,45,,,,4036,4176,45,
4138,4161,46,,,,4177,4211,46,
4162,4230,47,,,,4212,4228,47,
4231,4251,48,,,,4229,4244,48,
4252,4256,49,,,,4245,4258,49,
4257,9003,50,,,,4259,8974,50,
9004,9037,51,,,,8975,8992,51,
9038,9097,52,<-- loaded until here,,,8993,8999,52,
9098,9154,53,<-- current,,,9000,9006,53,
9155,9202,54,73be,,,9007,9007,54,
9203,9253,55,,,,9008,9044,55,
9254,9334,56,,,,9045,9062,56,
9335,9373,57,,,,9063,9072,57,
9374,9417,58,,,,9073,9077,58,
9418,9482,59,,,,9078,9156,59,
9483,9528,60,,,,9157,9176,60,
9529,9559,61,,,,9177,9200,61,
9560,9666,62,,,,9201,9222,62,
9667,9720,63,,,,9223,9243,63,
9721,9788,64,,,,9244,9243,64,
9789,9865,65,,,,9244,9284,65,
9866,9929,66,,,,9285,9334,66,
9930,9974,67,,,,9335,9352,67,
9975,10023,68,,,,9353,9353,68,
10024,10024,69,,,,9354,9357,69,
10025,10027,70,,,,9358,9370,70,
10028,10041,71,,,,9371,9371,71,
10042,10047,72,,,,9372,9381,72,
10048,10050,73,,,,9382,9392,73,
10051,10078,74,,,,9393,9393,74,
10079,10104,75,,,,9394,9398,75,
10105,10127,76,,,,9399,9405,76,
10128,10145,77,,,,9406,9412,77,
10146,10150,78,,,,9413,9420,78,
10151,10175,79,,,,9421,9429,79,
10176,10182,80,,,,9430,9438,80,
10183,10210,81,,,,9439,9449,81,
10211,10234,82,,,,9450,9473,82,
10235,10266,83,,,,9474,9483,83,
10267,10273,84,,,,9484,9490,84,
10274,10282,85,,,,9491,9498,85,
10283,10283,86,,,,9499,9514,86,
10284,10304,87,,,,9515,9526,87,
10305,10330,88,,,,9527,9570,88,
10331,10340,89,,,,9571,9580,89,
10341,10341,90,,,,9581,9589,90,
10342,10345,91,,,,9590,9598,91,
10346,10348,92,,,,9599,9610,92,
10349,10382,93,,,,9611,9619,93,
10383,10384,94,,,,9620,9629,94,
10385,10496,95,,,,9630,9749,95,
10497,10496,96,<-- No inserts,,,9750,9749,96,
10497,10502,97,,,,9750,9754,97,
10503,10528,98,90a8867,,,9755,9760,98,
10529,10529,99,,,,9761,9786,99,
10530,10792,100,,,,9787,9792,100,
10793,11138,101,,,,9793,9796,101,
11139,11187,102,,,,9797,9798,102,
11188,11200,103,,,,9799,9800,103,
11201,11260,104,,,,9801,9802,104,
11261,11283,105,,,,9803,9804,105,
11284,11361,106,,,,9805,9868,106,
11362,11365,107,,,,9869,9896,107,
11366,11389,108,,,,9897,9898,108,
11390,11463,109,,,,9899,9900,109,
11464,11645,110,,,,9901,9904,110,
11646,12033,111,,,,9905,9908,111,
12034,12111,112,,,,9909,9932,112,
12112,12358,113,,,,9933,9933,113,
12359,12575,114,,,,9934,9952,114,
12576,12600,115,,,,9953,9996,115,
12601,12600,116,<-- No inserts,,,9997,10004,116,
12601,12651,117,,,,10005,10024,117,
12652,12815,118,,,,10025,10078,118,
12816,12995,119,,,,10079,10141,119,
12996,13173,120,,,,10142,10171,120,
13174,13358,121,,,,10172,10220,121,
13359,13542,122,,,,10221,10220,122,<-- No inserts
13543,13706,123,,,,10221,10220,123,<-- No inserts
13707,13875,124,,,,10221,10220,124,<-- No inserts
13876,14073,125,,,,10221,10220,125,<-- No inserts
14074,14248,126,,,,10221,10220,126,<-- No inserts
14249,14416,127,,,,10221,10220,127,<-- No inserts
14417,14585,128,,,,10221,10220,128,<-- No inserts
14586,14709,129,,,,10221,10220,129,<-- No inserts
14710,14730,130,,,,10221,10317,130,
14731,14793,131,,,,10318,10360,131,
14794,14802,132,,,,10361,10370,132,
14803,14811,133,,,,10371,10422,133,
14812,14857,134,,,,10423,10464,134,
14858,14899,135,,,,10465,10508,135,
14900,14938,136,,,,10509,10543,136,
14939,14947,137,,,,10544,10575,137,
14948,14985,138,,,,10576,10624,138,
14986,15006,139,,,,10625,10637,139,
15007,16289,140,,,,10638,10982,140,
16290,17582,141,,,,10983,12495,141,
17583,18116,142,,,,12496,12730,142,
18117,18130,143,,,,12731,12739,143,
18131,18196,144,,,,12740,12808,144,
18197,18287,145,,,,12809,12818,145,
18288,18359,146,,,,12819,12834,146,
18360,18501,147,,,,12835,12877,147,
18502,18642,148,,,,12878,12889,148,
18643,19864,149,,,,12890,12941,149,
19865,19913,150,,,,12942,12965,150,
19914,19960,151,,,,12966,12977,151,
19961,20315,152,,,,12978,13045,152,
20316,20438,153,,,,13046,13128,153,
20439,20513,154,,,,13129,13133,154,
20514,20793,155,,,,13134,13172,155,
20794,20928,156,,,,13173,13191,156,
20929,21191,157,<-- Last round,,,13192,13202,157,<-- Last round
21192,9999999,158,,,,13203,9999999,158,
,,159,,,,,,,
,,160,,,,,,,
,,161,,,,,,,
,,162,,,,,,,
,,163,,,,,,,
,,164,,,,,,,
,,165,,,,,,,
,,166,,,,,,,
,,167,,,,,,,
,,168,,,,,,,
,,169,,,,,,,
,,170,,,,,,,
,,171,,,,,,,
,,172,,,,,,,
,,173,,,,,,,
,,174,,,,,,,
,,175,,,,,,,
,,176,,,,,,,
,,177,,,,,,,
,,178,,,,,,,
,,179,,,,,,,
,,180,,,,,,,
,,181,,,,,,,
,,182,,,,,,,
,,183,,,,,,,
,,184,,,,,,,
,,185,,,,,,,
,,186,,,,,,,
,,187,,,,,,,
,,188,,,,,,,
,,189,,,,,,,
,,190,,,,,,,
,,191,,,,,,,
,,192,,,,,,,
,,193,,,,,,,
,,194,,,,,,,
,,195,,,,,,,
,,196,,,,,,,
,,197,,,,,,,
,,198,,,,,,,
,,199,,,,,,,
,,200,,,,,,,
,,201,,,,,,,
,,202,,,,,,,
,,203,,,,,,,
,,204,,,,,,,
,,205,,,,,,,
,,206,,,,,,,
,,207,,,,,,,
,,208,,,,,,,
,,209,,,,,,,
,,210,,,,,,,
,,211,,,,,,,
,,212,,,,,,,
,,213,,,,,,,
,,214,,,,,,,
,,215,,,,,,,
,,216,,,,,,,
,,217,,,,,,,
,,218,,,,,,,
,,219,,,,,,,
,,220,,,,,,,
,,221,,,,,,,
,,222,,,,,,,
,,223,,,,,,,
,,224,,,,,,,
,,225,,,,,,,
,,226,,,,,,,
,,227,,,,,,,
,,228,,,,,,,
,,229,,,,,,,
,,230,,,,,,,
,,231,,,,,,,
,,232,,,,,,,
,,233,,,,,,,
,,234,,,,,,,
,,235,,,,,,,
,,236,,,,,,,
,,237,,,,,,,
,,238,,,,,,,
,,239,,,,,,,
,,240,,,,,,,
,,241,,,,,,,
,,242,,,,,,,
,,243,,,,,,,
,,244,,,,,,,
,,245,,,,,,,
,,246,,,,,,,
,,247,,,,,,,
,,248,,,,,,,
,,249,,,,,,,
,,250,,,,,,,
,,251,,,,,,,
,,252,,,,,,,
,,253,,,,,,,
,,254,,,,,,,
,,255,,,,,,,
,,256,,,,,,,
,,257,,,,,,,
,,258,,,,,,,
,,259,,,,,,,
,,260,,,,,,,
,,261,,,,,,,
,,262,,,,,,,
,,263,,,,,,,
,,264,,,,,,,
,,265,,,,,,,
,,266,,,,,,,
,,267,,,,,,,
,,268,,,,,,,
,,269,,,,,,,
,,270,,,,,,,
,,271,,,,,,,
,,272,,,,,,,
,,273,,,,,,,
,,274,,,,,,,
,,275,,,,,,,
,,276,,,,,,,
,,277,,,,,,,
,,278,,,,,,,
,,279,,,,,,,
,,280,,,,,,,
,,281,,,,,,,
,,282,,,,,,,
,,283,,,,,,,
,,284,,,,,,,
,,285,,,,,,,
,,286,,,,,,,
,,287,,,,,,,
,,288,,,,,,,
,,289,,,,,,,
,,290,,,,,,,
,,291,,,,,,,
,,292,,,,,,,
,,293,,,,,,,
,,294,,,,,,,
,,295,,,,,,,
,,296,,,,,,,
,,297,,,,,,,
,,298,,,,,,,
,,299,,,,,,,
,,300,,,,,,,
,,301,,,,,,,
,,302,,,,,,,
,,303,,,,,,,
,,304,,,,,,,
,,305,,,,,,,
,,306,,,,,,,
,,307,,,,,,,
,,308,,,,,,,
,,309,,,,,,,
,,310,,,,,,,
,,311,,,,,,,
,,312,,,,,,,
,,313,,,,,,,
,,314,,,,,,,
,,315,,,,,,,
,,316,,,,,,,
,,317,,,,,,,
,,318,,,,,,,
,,319,,,,,,,
,,320,,,,,,,
,,321,,,,,,,
,,322,,,,,,,
,,323,,,,,,,
,,324,,,,,,,
,,325,,,,,,,
,,326,,,,,,,
,,327,,,,,,,
,,328,,,,,,,
,,329,,,,,,,
,,330,,,,,,,
,,331,,,,,,,
,,332,,,,,,,
,,333,,,,,,,
,,334,,,,,,,
,,335,,,,,,,
,,336,,,,,,,
,,337,,,,,,,
,,338,,,,,,,
,,339,,,,,,,
,,340,,,,,,,
,,341,,,,,,,
,,342,,,,,,,
,,343,,,,,,,
,,344,,,,,,,
,,345,,,,,,,
,,346,,,,,,,
,,347,,,,,,,
,,348,,,,,,,
,,349,,,,,,,
,,350,,,,,,,
,,351,,,,,,,
,,352,,,,,,,
,,353,,,,,,,
,,354,,,,,,,
,,355,,,,,,,
,,356,,,,,,,
,,357,,,,,,,
,,358,,,,,,,
,,359,,,,,,,
,,360,,,,,,,
,,361,,,,,,,
,,362,,,,,,,
,,363,,,,,,,
,,364,,,,,,,
,,365,,,,,,,
,,366,,,,,,,
,,367,,,,,,,
,,368,,,,,,,
,,369,,,,,,,
,,370,,,,,,,
,,371,,,,,,,
,,372,,,,,,,
,,373,,,,,,,
,,374,,,,,,,
,,375,,,,,,,
,,376,,,,,,,
,,377,,,,,,,
,,378,,,,,,,
,,379,,,,,,,
,,380,,,,,,,
,,381,,,,,,,
,,382,,,,,,,
,,383,,,,,,,
,,384,,,,,,,
,,385,,,,,,,
,,386,,,,,,,
,,387,,,,,,,
,,388,,,,,,,
,,389,,,,,,,
,,390,,,,,,,
,,391,,,,,,,
,,392,,,,,,,
,,393,,,,,,,
,,394,,,,,,,
,,395,,,,,,,
,,396,,,,,,,
,,397,,,,,,,
